{
  "project_info": {
    "project_number": "290685834815",
    "firebase_url": "https://testlogin-e056e.firebaseio.com",
    "project_id": "testlogin-e056e",
    "storage_bucket": "testlogin-e056e.appspot.com"
  },
  "client": [
    {
      "client_info": {
        "mobilesdk_app_id": "1:290685834815:android:15e2a58fdbafdde5240a8a",
        "android_client_info": {
          "package_name": "com.example.logandregister"
        }
      },
      "oauth_client": [
        {
          "client_id": "290685834815-ru480fbopfmio4rfh2pm4v021416ch8p.apps.googleusercontent.com",
          "client_type": 3
        }
      ],
      "api_key": [
        {
          "current_key": "AIzaSyDpALGR6cLIS93Q_5Mkk51cVXOzYA7M-Cs"
        }
      ],
      "services": {
        "appinvite_service": {
          "other_platform_oauth_client": [
            {
              "client_id": "290685834815-ru480fbopfmio4rfh2pm4v021416ch8p.apps.googleusercontent.com",
              "client_type": 3
            }
          ]
        }
      }
    },
    {
      "client_info": {
        "mobilesdk_app_id": "1:290685834815:android:3fb24857d8f1dc4b240a8a",
        "android_client_info": {
          "package_name": "com.example.myapplication"
        }
      },
      "oauth_client": [
        {
          "client_id": "290685834815-ru480fbopfmio4rfh2pm4v021416ch8p.apps.googleusercontent.com",
          "client_type": 3
        }
      ],
      "api_key": [
        {
          "current_key": "AIzaSyDpALGR6cLIS93Q_5Mkk51cVXOzYA7M-Cs"
        }
      ],
      "services": {
        "appinvite_service": {
          "other_platform_oauth_client": [
            {
              "client_id": "290685834815-ru480fbopfmio4rfh2pm4v021416ch8p.apps.googleusercontent.com",
              "client_type": 3
            }
          ]
        }
      }
    },
    {
      "client_info": {
        "mobilesdk_app_id": "1:290685834815:android:91ead59f618516d1240a8a",
        "android_client_info": {
          "package_name": "com.example.testlogin"
        }
      },
      "oauth_client": [
        {
          "client_id": "290685834815-ru480fbopfmio4rfh2pm4v021416ch8p.apps.googleusercontent.com",
          "client_type": 3
        }
      ],
      "api_key": [
        {
          "current_key": "AIzaSyDpALGR6cLIS93Q_5Mkk51cVXOzYA7M-Cs"
        }
      ],
      "services": {
        "appinvite_service": {
          "other_platform_oauth_client": [
            {
              "client_id": "290685834815-ru480fbopfmio4rfh2pm4v021416ch8p.apps.googleusercontent.com",
              "client_type": 3
            }
          ]
        }
      }
    },
    {
      "client_info": {
        "mobilesdk_app_id": "1:290685834815:android:d160b30f9ec36af4240a8a",
        "android_client_info": {
          "package_name": "com.example.testloginregister"
        }
      },
      "oauth_client": [
        {
          "client_id": "290685834815-ru480fbopfmio4rfh2pm4v021416ch8p.apps.googleusercontent.com",
          "client_type": 3
        }
      ],
      "api_key": [
        {
          "current_key": "AIzaSyDpALGR6cLIS93Q_5Mkk51cVXOzYA7M-Cs"
        }
      ],
      "services": {
        "appinvite_service": {
          "other_platform_oauth_client": [
            {
              "client_id": "290685834815-ru480fbopfmio4rfh2pm4v021416ch8p.apps.googleusercontent.com",
              "client_type": 3
            }
          ]
        }
      }
    }
  ],
  "configuration_version": "1"
}