{
"CategoryBackground":{
        "01":{
            "name":"Database Management System",
            "imageLink":"https://i.ibb.co/9TP2b5x/db.png"
        },
        "02":{
            "name":"Programing with c#",
            "imageLink":"https://i.ibb.co/6HrP2TF/c.png"
        },
        "03":{
            "name":"Cyber Security",
            "imageLink":"https://i.ibb.co/RjXP6f3/cyber.jpg"
        },
        "05":{
            "name":"Web development with Html",
            "imageLink":"https://i.ibb.co/QrFqmjn/Html.jpg"
        },
        "06":{
            "name":"Web development with Php",
            "imageLink":"https://i.ibb.co/xJKCfGc/php.jpg"
        },
        "07":{
            "name":"Java",
            "imageLink":"https://i.ibb.co/P67YH5c/java.png"
        },
        "08":{
            "name":"Java Mobile app development",
            "imageLink":"https://i.ibb.co/L6SfSQY/mobileapp.png" 
        },
        "09":{
            "name":"Professional development",
            "imageLink":"https://i.ibb.co/Qv6bYFS/pd.jpg"
        },
        "10":{
            "name":"Programing with React Native",
            "imageLink":"https://i.ibb.co/q0QFGxh/rectnative.png" 
        }

        
    
    }

    
}